{"cameraMode":{"drawMode":0,"name":"Shaded","section":"Shading Mode"},"sceneLighting":true,"audioPlay":false,"sceneViewState":{"showFog":true,"showMaterialUpdate":false,"showSkybox":true,"showFlares":true,"showImageEffects":true,"showParticleSystems":true},"in2DMode":false,"pivot":{"x":16.0918025970459,"y":15.984082221984864,"z":-52.89765930175781},"rotation":{"x":-0.00020692935504484922,"y":0.9993246793746948,"z":-0.03630116209387779,"w":-0.005695182830095291},"size":60.077064514160159,"orthographic":false}