{"cameraMode":{"drawMode":0,"name":"Shaded","section":"Shading Mode"},"sceneLighting":true,"audioPlay":false,"sceneViewState":{"showFog":true,"showMaterialUpdate":false,"showSkybox":true,"showFlares":true,"showImageEffects":true,"showParticleSystems":true},"in2DMode":false,"pivot":{"x":-3.334923267364502,"y":1.4658424854278565,"z":9.163957595825196},"rotation":{"x":0.12094937264919281,"y":-0.6218985915184021,"z":0.09800820052623749,"w":0.7674685120582581},"size":10.920249938964844,"orthographic":false}