{"cameraMode":{"drawMode":0,"name":"Shaded","section":"Shading Mode"},"sceneLighting":true,"audioPlay":false,"sceneViewState":{"showFog":true,"showMaterialUpdate":false,"showSkybox":true,"showFlares":true,"showImageEffects":true,"showParticleSystems":true},"in2DMode":false,"pivot":{"x":9.833778381347657,"y":2.5166690349578859,"z":20.453922271728517},"rotation":{"x":0.005329538602381945,"y":0.9482139348983765,"z":-0.31718793511390688,"w":0.015931900590658189},"size":68.55453491210938,"orthographic":false}