{"cameraMode":{"drawMode":0,"name":"Shaded","section":"Shading Mode"},"sceneLighting":true,"audioPlay":false,"sceneViewState":{"showFog":true,"showMaterialUpdate":false,"showSkybox":true,"showFlares":true,"showImageEffects":true,"showParticleSystems":true},"in2DMode":false,"pivot":{"x":29.10555648803711,"y":5.210361480712891,"z":25.331541061401368},"rotation":{"x":0.12670718133449555,"y":-0.5842194557189941,"z":0.09296858310699463,"w":0.7962347865104675},"size":8.587125778198243,"orthographic":false}