{"cameraMode":{"drawMode":0,"name":"Shaded","section":"Shading Mode"},"sceneLighting":true,"audioPlay":false,"sceneViewState":{"showFog":true,"showMaterialUpdate":false,"showSkybox":true,"showFlares":true,"showImageEffects":true,"showParticleSystems":true},"in2DMode":false,"pivot":{"x":47.28558349609375,"y":170.60174560546876,"z":-142.625},"rotation":{"x":-0.16999028623104096,"y":0.18649213016033173,"z":-0.03278125450015068,"w":-0.9670829176902771},"size":2079.2783203125,"orthographic":false}